Ch.,B,A,x0,y0,Ra,Dec,FWHMx,FWHMy,Mag,Beta,r,Angle,RMSE
0,0.0407321,1.65621,3325.26,2371.63,265.242,-32.2105,8.48247,8.0305,-3.57646,-1,0.946717,-62.1979,0.0192268
0,0.0352729,1.20156,3295.46,2025.27,265.003,-32.1972,7.93082,7.47087,-3.2117,-1,0.942005,-79.3874,0.0247189
0,0.0345711,1.17829,3072.39,1916.62,264.905,-32.3166,6.87616,6.45028,-2.89629,-1,0.938064,-85.6969,0.0205099
0,0.0340711,1.16694,3410.92,2265.95,265.179,-32.1516,6.9428,6.34982,-2.8804,-1,0.91459,-89.3023,0.0197895
0,0.034302,1.18239,3210.7,2099.7,265.045,-32.2529,6.77396,6.41241,-2.87873,-1,0.946627,-80.1203,0.0202623
0,0.03146,1.14464,3533.77,2580.92,265.407,-32.1078,5.71637,5.18857,-2.46784,-1,0.907668,-84.9359,0.0116834
0,0.0325011,1.13249,2884.01,2078.35,264.996,-32.4399,5.31655,4.87603,-2.32744,-1,0.917141,89.7901,0.0103316
0,0.0306658,1.10038,3365.59,2021.98,265.008,-32.1563,5.10468,4.6737,-2.22103,-1,0.915571,-86.0366,0.00796489
0,0.0298414,0.697817,3067.46,2116.02,265.041,-32.3372,7.20476,7.08521,-2.08577,-1,0.983407,-88.721,0.0505366
0,0.0332998,1.00729,3207.8,2164.24,265.088,-32.2603,4.52104,4.10013,-2.08022,-1,0.906899,-63.6276,0.0217233
0,0.0280956,0.486664,3301.05,2325.34,265.208,-32.2205,7.87931,7.67879,-1.94186,-1,0.974551,-75.4918,0.0481336
0,0.0303085,0.8957,3349.38,2131.57,265.081,-32.1754,4.80479,4.06146,-1.84763,-1,0.845294,75.857,0.00660011
0,0.030267,0.699549,3115.52,2276.15,265.155,-32.3235,3.26613,2.97726,-1.83799,-1,0.911556,-66.3716,0.0495405
0,0.0298614,0.89868,3325.89,2205.51,265.129,-32.1955,4.1017,4.1017,-1.72063,-1,0.999998,-19.3094,0.00712824
0,0.0297733,0.891841,3094.52,2117.94,265.045,-32.3217,4.19494,3.84725,-1.6784,-1,0.917116,87.418,0.0062681
0,0.0251967,0.379368,3051.39,2068.52,265.007,-32.3423,7.86432,4.77024,-1.64697,-1,0.606567,-56.8617,0.0227847
0,0.0257706,0.318719,3564.35,1939.2,264.972,-32.0337,9.1407,8.77233,-1.64065,-1,0.959699,-7.84189,0.0403641
0,0.0289704,0.57616,3335.16,1974.51,264.972,-32.1697,5.51468,4.79874,-1.6327,-1,0.870176,-10.2308,0.0183561
0,0.029324,0.829091,3419.23,2364.68,265.247,-32.1554,4.08359,3.88232,-1.60159,-1,0.950711,88.8418,0.00589437
0,0.029116,0.770446,3352.01,2253.93,265.165,-32.1847,4.2311,3.85875,-1.56503,-1,0.911999,89.402,0.00549698
0,0.0287325,0.616049,3014.25,1886.61,264.878,-32.3475,4.7586,4.06824,-1.52111,-1,0.854924,65.0243,0.00420605
0,0.0285596,0.529061,3224.38,2449.47,265.285,-32.2757,5.6744,4.37471,-1.47601,-1,0.770954,-58.7576,0.0118931
0,0.0354578,0.296627,3282.26,2291.06,265.183,-32.2283,2.81099,2.17375,-1.46866,-1,0.773304,-11.1465,0.057547
0,0.0266628,0.481455,2740.5,1625.07,264.671,-32.482,5.75791,4.68501,-1.46412,-1,0.813666,-57.4476,0.0136695
0,0.0278685,0.439689,3255.38,1834.4,264.868,-32.2033,8.05644,5.19188,-1.44109,-1,0.644439,-1.75251,0.0291657
0,0.0284712,0.628313,3110.98,1932.95,264.92,-32.2957,4.17428,3.8477,-1.38732,-1,0.921765,85.5735,0.00447997
0,0.0263032,0.291267,3664.59,2718.71,265.514,-32.0437,7.76078,7.47123,-1.36659,-1,0.962691,-9.22319,0.0255172
0,0.0273955,0.354848,3119.75,2187.08,265.095,-32.3133,6.2971,6.2908,-1.3646,-1,0.999,-83.7209,0.0188474
0,0.0296485,0.548867,3146.43,2142.75,265.067,-32.2939,4.12033,3.87805,-1.27971,-1,0.941198,88.6544,0.00678928
0,0.0287024,0.285288,3386.46,2337.9,265.226,-32.1721,2.90179,2.88775,-1.22633,-1,0.995163,-24.0575,0.0305653
0,0.026679,0.170969,2732.58,2467.02,265.246,-32.5616,9.88669,9.8771,-1.21495,-1,0.99903,-87.7989,0.0274007
0,0.0282446,0.506741,3574.73,2630.8,265.445,-32.0883,4.11457,3.79979,-1.20449,-1,0.923497,-88.4389,0.00399651
0,0.0290397,0.35844,2761.37,2242.84,265.095,-32.5253,3.72449,3.36461,-1.18841,-1,0.903375,-76.2725,0.0198265
0,0.0277052,0.461967,3130.44,2001.66,264.969,-32.2906,4.13402,3.88226,-1.1567,-1,0.939099,85.6483,0.00317164
0,0.0264222,0.266882,3375.22,1737.74,264.815,-32.1252,7.23006,5.05252,-1.15319,-1,0.698821,-26.5149,0.0144025
0,0.0258559,0.247584,3240.12,2081.52,265.035,-32.2342,6.68984,5.25917,-1.12,-1,0.786143,-24.5062,0.0112946
0,0.0273908,0.303448,3377.05,2083.62,265.051,-32.1551,5.81082,4.89894,-1.10538,-1,0.843072,-6.867,0.0103106
0,0.0273184,0.393247,3628.13,2131.1,265.11,-32.0137,4.27218,3.92534,-1.07517,-1,0.918815,-89.737,0.00275549
0,0.0274222,0.404511,2980.9,2169.46,265.068,-32.392,4.19838,3.81349,-1.06298,-1,0.908325,83.9091,0.00277629
0,0.0272086,0.384765,2709.17,2006.15,264.928,-32.5344,4.04785,4.04784,-1.0446,-1,0.999998,3.94397,0.00300718
0,0.0288726,0.241504,3150.49,2004.01,264.973,-32.2792,6.26978,5.83015,-1.03045,-1,0.929882,-29.3818,0.0148949
0,0.0273859,0.314054,3261.68,2042.52,265.011,-32.2183,5.37124,4.6877,-1.02743,-1,0.872742,-67.4197,0.00704407
0,0.0274654,0.337903,2649.49,1927.61,264.868,-32.5618,5.27828,4.7286,-1.02002,-1,0.895859,-65.8291,0.00822348
0,0.0266607,0.239083,3067.5,2572.21,265.353,-32.3771,6.06259,5.13874,-0.99655,-1,0.847615,-81.1694,0.00902168
0,0.0271512,0.339968,3098.87,2386.4,265.229,-32.3428,4.24096,3.80351,-0.953427,-1,0.896849,-89.2518,0.00236051
0,0.0290744,0.319327,3341.71,2120.73,265.073,-32.1789,3.15513,2.84848,-0.950417,-1,0.90281,-62.5005,0.0152717
0,0.0261433,0.129826,3199.08,2291.33,265.174,-32.2765,8.32138,7.9953,-0.940041,-1,0.960814,-75.3328,0.0140529
0,0.0271016,0.325725,3196.34,2059.74,265.016,-32.2577,4.13565,3.91936,-0.929891,-1,0.9477,-88.3413,0.00235613
0,0.0267311,0.195077,3130.53,2246.16,265.136,-32.3122,7.58009,5.30676,-0.876904,-1,0.700092,-85.9896,0.0109344
0,0.0264693,0.148208,3475.52,2448.02,265.31,-32.13,6.23475,6.226,-0.865125,-1,0.998597,-86.8474,0.00883507
0,0.0260876,0.135973,3269.57,2024.57,265,-32.2121,7.70807,7.14057,-0.852284,-1,0.926376,-8.26644,0.0110267
0,0.0267957,0.280398,3450.57,1887.61,264.925,-32.095,4.22287,3.88383,-0.846069,-1,0.919713,-87.5459,0.00192206
0,0.0268871,0.285849,3188.9,2338.52,265.205,-32.2865,4.0092,4.0092,-0.845414,-1,1,-33.5555,0.00225723
0,0.0269885,0.279354,2883.77,2054.96,264.98,-32.438,4.25689,3.8521,-0.843982,-1,0.904911,-89.4456,0.00201541
0,0.0269234,0.28363,3200.88,2136.35,265.069,-32.2618,4.21977,3.82409,-0.84323,-1,0.90623,-88.3601,0.00197651
0,0.0271287,0.292262,3103.83,1915.8,264.908,-32.2983,4.11379,3.80543,-0.843066,-1,0.925041,88.5659,0.0021042
0,0.0270577,0.125496,3251.13,2068.05,265.027,-32.2267,3.53462,3.49939,-0.813996,-1,0.990033,-28.1775,0.016731
0,0.0267307,0.265095,2889.95,2139.78,265.038,-32.4419,4.09583,3.81535,-0.786068,-1,0.931519,84.6539,0.0018875
0,0.0265881,0.190713,3401.14,2695.64,265.471,-32.1945,5.74304,4.9425,-0.775078,-1,0.860606,-17.6533,0.00614469
0,0.0266566,0.253581,3375.66,1773.65,264.84,-32.1282,4.15288,3.83342,-0.77168,-1,0.923075,-88.7238,0.00173009
0,0.0266204,0.235585,3155.83,2366.57,265.221,-32.3081,4.15982,3.81029,-0.729416,-1,0.915974,86.0762,0.00164104
0,0.0266992,0.124635,3285.48,2125.3,265.07,-32.2119,3.81236,2.44025,-0.707437,-1,0.640088,-57.9419,0.011092
0,0.0256718,0.111206,3503.3,2407.35,265.285,-32.1104,8.29246,5.41147,-0.70613,-1,0.652577,-8.83641,0.00754245
0,0.0260592,0.169062,3486.74,2805.6,265.555,-32.1543,5.48179,4.58371,-0.703471,-1,0.83617,-65.5807,0.00429682
0,0.026523,0.211062,3516.76,2344.66,265.244,-32.0971,4.13852,3.79835,-0.668529,-1,0.917803,87.9379,0.00152803
0,0.0265102,0.207461,2952.59,2024.78,264.966,-32.3955,4.11248,3.84523,-0.663321,-1,0.935015,81.4872,0.00147688
0,0.0265102,0.204366,3448.82,2155.75,265.108,-32.1199,4.14131,3.83587,-0.657749,-1,0.926247,87.058,0.00153244
0,0.0269508,0.178713,3377.48,1751.61,264.825,-32.1252,5.68789,4.97157,-0.642931,-1,0.874062,-53.2242,0.00607329
0,0.0265342,0.188483,3276.92,2083.68,265.041,-32.2131,4.19375,3.87759,-0.630096,-1,0.924611,-88.6468,0.00138935
0,0.0266201,0.101411,3317.62,2183.85,265.113,-32.1984,3.72583,3.69557,-0.623163,-1,0.991879,-26.4432,0.00895772
0,0.0261521,0.132592,3349.15,2618.35,265.413,-32.218,8.93463,4.88025,-0.623089,-1,0.546217,-0.588707,0.0096768
0,0.0264355,0.181829,3268.61,2254.61,265.156,-32.233,4.28185,3.86179,-0.6208,-1,0.901898,85.9374,0.00133599
0,0.0264466,0.188044,3202.92,2670.73,265.434,-32.3072,4.08358,3.8324,-0.610924,-1,0.938489,-85.8663,0.00133878
0,0.0261793,0.135677,2668.79,2229.41,265.076,-32.5775,5.27233,4.45872,-0.559899,-1,0.845683,-58.1243,0.00259556
0,0.0262669,0.150771,3483.27,2143.62,265.103,-32.0989,4.18803,3.94456,-0.536398,-1,0.941865,-84.2993,0.00109887
0,0.0262864,0.150994,2996.37,2209.82,265.097,-32.3866,4.20775,3.89983,-0.534284,-1,0.92682,-89.7265,0.00111132
0,0.0262186,0.115281,3215.09,2317.53,265.194,-32.2695,5.21588,4.78748,-0.52513,-1,0.917866,-5.73615,0.00278172
0,0.0263746,0.144086,3057.4,1830.73,264.845,-32.3176,4.10846,3.88663,-0.503668,-1,0.946006,88.301,0.00145851
0,0.0260448,0.0605784,3006.12,2001.07,264.956,-32.3625,3.41162,3.32173,-0.49752,-1,0.973651,-65.2086,0.00811209
0,0.026221,0.141102,3275.58,2421.83,265.271,-32.2436,4.12201,3.85041,-0.492835,-1,0.93411,-88.8077,0.00103368
0,0.0256493,0.0531253,3510.07,2079.31,265.062,-32.0776,8.81731,8.73263,-0.484114,-1,0.990396,-79.9011,0.00627125
0,0.0262102,0.137972,2650.2,2478.76,265.245,-32.6101,4.11178,3.84257,-0.482462,-1,0.934527,-88.6804,0.00103978
0,0.0260519,0.127748,3656.85,2054.29,265.06,-31.9903,4.34233,3.87165,-0.476463,-1,0.891606,-88.3144,0.000903116
0,0.026169,0.126561,3226.21,2510.02,265.326,-32.2799,4.24255,3.86971,-0.463918,-1,0.912118,-86.4748,0.00088203
0,0.0261049,0.128476,3635.72,2033.61,265.044,-32.0007,4.19338,3.8491,-0.463723,-1,0.9179,-83.6465,0.00095803
0,0.0265148,0.113889,3013.75,2376.78,265.213,-32.3912,4.3448,4.11201,-0.456154,-1,0.946422,-31.399,0.00325782
0,0.0259066,0.0862169,3707.01,2772.45,265.555,-32.0236,5.86534,5.28604,-0.445853,-1,0.901232,-1.75868,0.00314018
0,0.0259374,0.122785,2846.75,1671.96,264.714,-32.4249,4.15165,3.84025,-0.441921,-1,0.924994,-82.6308,0.000912048
0,0.0259617,0.112782,2769.56,2350.51,265.17,-32.53,4.22654,3.9719,-0.426301,-1,0.939751,87.2771,0.000738524
0,0.0259851,0.116295,2962.08,1938.72,264.908,-32.3823,3.96537,3.96422,-0.417959,-1,0.99971,-31.1552,0.000857374
0,0.0256988,0.0525839,3144.5,2434.67,265.266,-32.3206,7.90356,7.66681,-0.412576,-1,0.970046,-11.7318,0.00462728
0,0.0259682,0.108635,2917.97,2511.29,265.295,-32.4583,4.22637,3.80041,-0.401592,-1,0.899215,-84.2393,0.000781205
0,0.0260096,0.109777,3576.75,2802.71,265.563,-32.1018,4.05675,3.78888,-0.391081,-1,0.933968,-88.7779,0.000851943
0,0.0260727,0.109111,3022.68,2514.68,265.308,-32.3981,4.06833,3.79214,-0.389831,-1,0.93211,-79.6208,0.000840201
0,0.026028,0.102883,3165.24,2245.93,265.14,-32.2921,4.16373,3.86341,-0.384641,-1,0.927871,-89.2886,0.000813587
0,0.0258368,0.0818982,3019.46,1823.04,264.836,-32.3388,5.09357,4.49802,-0.380829,-1,0.883078,-61.0026,0.0015747
0,0.0258574,0.0633298,2656.46,2142.26,265.015,-32.5769,7.7117,5.98397,-0.37954,-1,0.77596,-19.2252,0.00422321
0,0.0258813,0.061843,3618.16,2272.49,265.205,-32.032,6.08514,5.05985,-0.376658,-1,0.831509,-2.91484,0.0026828
0,0.0258948,0.0628344,2775.31,2672.44,265.391,-32.5547,6.08142,5.12865,-0.368985,-1,0.843331,-9.74476,0.0026494
0,0.0258718,0.0994214,2769.59,1651.94,264.692,-32.4676,4.05087,3.86949,-0.365163,-1,0.955225,82.2694,0.000758614
0,0.0259132,0.0955088,2695.99,2614.28,265.343,-32.5954,4.16038,3.86243,-0.36048,-1,0.928385,-83.695,0.000711035
0,0.0259018,0.0935588,3655.72,1723.81,264.835,-31.9613,4.21762,3.85432,-0.357683,-1,0.913863,84.685,0.000751951
0,0.025941,0.0953422,2788.76,2191.76,265.063,-32.505,4.13923,3.78267,-0.35235,-1,0.91386,80.6669,0.000751968
0,0.0258903,0.0600585,3324.62,2595.18,265.395,-32.2303,7.54162,3.86835,-0.348057,-1,0.512934,-13.8331,0.00307299
0,0.0260877,0.0924525,3229.74,2215.83,265.126,-32.2521,4.1842,3.73391,-0.342249,-1,0.892384,86.9774,0.000891035
0,0.0266974,0.0663473,3091.61,1919.55,264.909,-32.3057,3.72632,3.52479,-0.34032,-1,0.945916,-70.1925,0.00317001
0,0.0259222,0.0912759,2995.92,2445.87,265.259,-32.4076,4.07898,3.7929,-0.336097,-1,0.929865,79.3696,0.000729802
0,0.0260826,0.0519556,3507.76,1856.63,264.91,-32.0591,3.48624,3.37866,-0.332894,-1,0.969141,-69.4264,0.00406626
0,0.0259339,0.0864612,3496.66,2677.85,265.469,-32.1376,4.14942,3.8322,-0.328086,-1,0.923551,-86.2901,0.000686475
0,0.025691,0.0237751,2981.09,2275.46,265.141,-32.4012,9.22541,9.18863,-0.327359,-1,0.996014,-2.48194,0.00381952
0,0.0258933,0.0825056,3564.74,1799.57,264.877,-32.0209,4.22103,3.88823,-0.323704,-1,0.921155,-89.5304,0.000689769
0,0.0255138,0.0321164,3714.37,1986.12,265.02,-31.9508,8.36923,5.7171,-0.321388,-1,0.683109,-86.9458,0.00239712
0,0.025894,0.0510419,3276.3,2227.96,265.139,-32.2262,5.69466,4.73175,-0.310346,-1,0.830909,49.4755,0.00163895
0,0.0255053,0.0320758,3561.73,2083,265.07,-32.048,7.81907,7.23078,-0.30882,-1,0.924762,-70.3282,0.00245151
0,0.0256965,0.0346413,3422.9,2127.36,265.086,-32.1324,8.09301,8.01517,-0.300995,-1,0.990382,-78.6421,0.00350194
0,0.0259167,0.0583334,3057.19,2146.15,265.06,-32.3458,3.40961,2.74776,-0.298768,-1,0.805888,-66.392,0.00314569
0,0.0257742,0.0770226,2647.73,2032.93,264.94,-32.5723,4.18205,3.77335,-0.294716,-1,0.902271,88.8735,0.000603533
0,0.0258054,0.0484924,3042.5,2271.11,265.144,-32.3653,6.23282,5.29342,-0.290627,-1,0.849282,-85.6814,0.00198699
0,0.0259364,0.0736204,3525.98,2413.84,265.292,-32.0978,4.21418,3.83667,-0.289729,-1,0.910419,-87.6458,0.000597157
0,0.0254933,0.022169,3716.14,1966.18,265.007,-31.948,9.51057,7.62032,-0.282831,-1,0.801248,-73.7971,0.00276778
0,0.0258765,0.0449147,3227.31,2521.44,265.334,-32.2802,6.3655,5.28989,-0.278807,-1,0.831025,-9.01158,0.00209893
0,0.0257023,0.0427759,2873.08,2214.77,265.088,-32.4583,7.81426,4.5307,-0.277679,-1,0.579798,-49.0019,0.00251549
0,0.0256502,0.0474004,3274.33,1767.33,264.825,-32.1863,8.3882,4.98144,-0.275636,-1,0.593863,-3.48838,0.00321021
0,0.025742,0.030592,3364.95,2213.29,265.138,-32.1736,6.45438,6.37206,-0.267012,-1,0.987246,-76.0617,0.00220777
0,0.0258098,0.0655897,3358.99,1882.6,264.912,-32.1477,4.03503,4.03463,-0.263307,-1,0.999899,-32.3833,0.000604985
0,0.0257096,0.0460337,3281.01,2565.35,265.37,-32.2529,6.2232,5.43884,-0.261121,-1,0.873963,-27.4038,0.00204537
0,0.0257674,0.0640283,3101.15,2488.08,265.298,-32.3504,4.24388,3.87204,-0.259609,-1,0.912381,-87.8325,0.000531068
0,0.0257299,0.0362476,3639.69,1663.38,264.792,-31.9652,6.66879,6.31366,-0.259557,-1,0.946747,-79.1564,0.00214983
0,0.0256867,0.0421013,2690.4,2025.27,264.939,-32.547,6.50327,4.53075,-0.249548,-1,0.696689,-36.4787,0.00177916
0,0.0258176,0.039433,2846.75,1817.9,264.814,-32.4381,3.35328,3.11684,-0.249159,-1,0.92949,-68.4938,0.00341978
0,0.0256639,0.026182,3449.43,2220.02,265.152,-32.1252,7.96623,7.96475,-0.245568,-1,0.999814,-83.2764,0.00288497
0,0.0256643,0.0330648,2802.63,2337.37,265.164,-32.5098,6.59618,6.17851,-0.242098,-1,0.936681,-82.3464,0.0016481
0,0.0256596,0.0263728,3263.93,2352.36,265.223,-32.2443,7.76345,7.7623,-0.240989,-1,0.999851,-79.3943,0.00248721
0,0.0256873,0.058298,3345.31,1661.88,264.76,-32.1357,4.18357,3.9104,-0.237762,-1,0.934705,-86.788,0.000493016
0,0.0256826,0.0571531,2727.28,1730.63,264.741,-32.4992,4.11083,3.89731,-0.229491,-1,0.948061,-88.4482,0.00051029
0,0.0258127,0.0294565,3185.61,2663.46,265.427,-32.3167,6.96439,6.50015,-0.223577,-1,0.933341,-81.2096,0.00188164
0,0.0254413,0.0165999,2972.51,2018.22,264.964,-32.3834,9.9013,5.39627,-0.223221,-1,0.545006,-84.1768,0.00154635
0,0.0257064,0.0428158,2835.53,2277.39,265.127,-32.4855,5.67338,4.46559,-0.21784,-1,0.787114,-40.3491,0.00109281
0,0.0257878,0.0524603,3154.24,2401.66,265.245,-32.3121,4.19815,3.88419,-0.215754,-1,0.925213,-89.4957,0.000484623
0,0.0257044,0.050386,3087.93,2733.54,265.465,-32.3792,3.99349,3.9933,-0.203702,-1,0.999954,25.9558,0.00050286
0,0.0257709,0.0322208,2814.29,2675.46,265.397,-32.5324,5.74426,5.00917,-0.202571,-1,0.872032,-7.41609,0.00130932
0,0.0257231,0.0475234,3556.81,1866.97,264.922,-32.0316,4.25679,3.86693,-0.19867,-1,0.908415,87.034,0.000432157
0,0.0257504,0.0489093,3586.76,1814.62,264.89,-32.0095,4.19254,3.81326,-0.198555,-1,0.909535,-87.0164,0.000458173
0,0.0257412,0.0462864,3069.29,2375.71,265.218,-32.359,4.2708,3.87147,-0.194886,-1,0.906496,87.7017,0.000456484
0,0.0254052,0.0186777,3619.44,2004.34,265.022,-32.0075,8.14506,5.61714,-0.192863,-1,0.689638,-81.3689,0.00122945
0,0.0257269,0.0461037,2992.9,1954.63,264.923,-32.366,4.10633,3.90009,-0.188846,-1,0.949774,78.8831,0.000397635
0,0.0256154,0.0306729,2664.14,1888.43,264.843,-32.5499,7.8125,5.58145,-0.185075,-1,0.714426,-2.61476,0.00202976
0,0.0261581,0.0472917,2712.01,2104.84,264.996,-32.5416,3.90394,3.89825,-0.184434,-1,0.998543,29.5666,0.00175579
0,0.0257167,0.0440334,3133.21,2808.84,265.521,-32.3594,4.19519,3.86071,-0.182536,-1,0.920272,-72.8721,0.000463304
0,0.0256675,0.0244553,2766.66,2691.73,265.403,-32.5613,7.5603,7.41717,-0.178051,-1,0.981068,-8.55213,0.00214435
0,0.0267125,0.046037,3195.15,2213.97,265.121,-32.272,3.89364,3.86105,-0.177615,-1,0.99163,-40.3709,0.00443831
0,0.0257506,0.0397532,3387.94,2209.16,265.138,-32.1599,4.3148,3.86564,-0.170971,-1,0.895902,88.5997,0.00043456
0,0.0256194,0.0314653,3273.27,1654.15,264.747,-32.1767,5.24264,4.33712,-0.170812,-1,0.827277,-64.3723,0.000679536
0,0.02576,0.0416516,3271.73,2453.88,265.293,-32.2487,4.08507,3.84419,-0.168724,-1,0.941033,88.7851,0.000411356
0,0.0257547,0.0387985,3233.8,2237.99,265.141,-32.2517,4.29564,3.8856,-0.167728,-1,0.904544,86.5991,0.000405427
0,0.0257193,0.0399782,3057.99,2198.84,265.096,-32.35,4.19984,3.85649,-0.166911,-1,0.918247,82.0732,0.000403842
0,0.0256333,0.0152717,3437.1,1986.25,264.991,-32.1117,8.43189,7.95035,-0.16685,-1,0.942891,-77.7241,0.00168528
0,0.0256799,0.0394278,2903.71,1940.81,264.904,-32.4163,4.24639,3.7982,-0.164838,-1,0.894455,84.2928,0.000396192
0,0.0257853,0.0384384,3079.75,2088.87,265.023,-32.3277,4.19098,3.8913,-0.162764,-1,0.928495,-83.806,0.000522104
0,0.0255706,0.0178409,3576.51,1836.21,264.903,-32.0174,8.19458,8.14409,-0.162648,-1,0.993838,-10.752,0.00199929
0,0.0256918,0.0375772,3211.94,2691.77,265.449,-32.3038,4.18313,3.88896,-0.159016,-1,0.929677,-89.2176,0.000394247
0,0.0252663,0.00998063,2705.3,1823.42,264.802,-32.5203,9.95264,5.93611,-0.155255,-1,0.596436,-5.20551,0.00109617
0,0.0255785,0.027232,3187.61,1783.3,264.826,-32.238,6.05238,4.30852,-0.153274,-1,0.711872,24.9141,0.000933524
0,0.0256704,0.0339734,3539.92,2515.4,265.363,-32.0985,4.29145,3.85399,-0.14619,-1,0.898062,75.866,0.00038386
0,0.0256932,0.0331729,3509.43,2721.8,265.5,-32.134,4.24424,3.89102,-0.143197,-1,0.916776,-79.8144,0.000387536
0,0.0256844,0.0307299,2680.88,2506.93,265.268,-32.5949,4.52209,3.84671,-0.139715,-1,0.850648,-80.0525,0.000474721
0,0.0257199,0.0323546,3304.07,1828.11,264.869,-32.1746,4.02785,4.02757,-0.137662,-1,0.999931,-8.74879,0.000428883
0,0.0256268,0.0226218,3644.49,2551.01,265.398,-32.0409,5.93433,5.28291,-0.136816,-1,0.890229,-85.6975,0.000908309
0,0.0256781,0.0309613,3331.91,1901.39,264.922,-32.165,4.10423,4.10347,-0.1365,-1,0.999813,-9.82467,0.000432369
0,0.0256147,0.032142,2873.13,1820.02,264.818,-32.4231,4.23849,3.82758,-0.136387,-1,0.903055,85.4455,0.000386961
0,0.0263491,0.0247901,3334.04,2350.48,265.229,-32.2035,4.94949,4.78732,-0.131563,-1,0.967235,-2.77227,0.000905973
0,0.025479,0.0121616,3129.28,2719.34,265.46,-32.3541,9.10852,4.79473,-0.131552,-1,0.5264,-72.8002,0.000904903
0,0.0257032,0.0249319,3373.15,2196.56,265.128,-32.1674,5.34381,4.89566,-0.129455,-1,0.916137,-13.9209,0.000742475
0,0.0256964,0.0187673,3445.82,2024.3,265.018,-32.11,6.96154,6.5568,-0.129297,-1,0.94186,-85.1367,0.00136223
0,0.0255611,0.0228523,2646.62,1960.02,264.89,-32.5664,6.1263,4.91265,-0.128755,-1,0.801896,-82.0223,0.000883097
0,0.0256695,0.018328,3621.77,2208.58,265.162,-32.0243,3.4718,3.36169,-0.12816,-1,0.968285,-71.5429,0.00141871
0,0.0256484,0.0149202,3521.03,1806.11,264.877,-32.0469,3.51465,3.41739,-0.126104,-1,0.972326,-64.1212,0.00176775
0,0.0256678,0.0234633,3228.23,2255.57,265.153,-32.2565,5.03202,4.23156,-0.124587,-1,0.840927,-4.22203,0.000556931
0,0.0256472,0.0268552,2771.63,2055.59,264.968,-32.5028,4.34636,4.02052,-0.124109,-1,0.925032,-77.7906,0.000358607
0,0.025688,0.0289017,3301.65,2441.63,265.288,-32.2303,4.20331,3.86319,-0.123513,-1,0.919083,89.3876,0.000338543
0,0.0255588,0.0289007,3115.72,1858.69,264.87,-32.2863,4.19207,3.78024,-0.121189,-1,0.901759,-72.9101,0.000355197
0,0.0257152,0.0158784,3024.6,2221.36,265.108,-32.3713,3.5164,3.27378,-0.118954,-1,0.931003,89.8412,0.0012983
0,0.0256435,0.0206362,2924.54,2467.24,265.266,-32.4507,3.44899,3.00104,-0.117697,-1,0.870122,-60.6783,0.0013376
0,0.0259867,0.0176868,3356.09,2296.68,265.194,-32.1861,6.00345,4.75358,-0.116067,-1,0.791808,-12.8715,0.00153127
0,0.0256639,0.0269806,2863.59,2356.69,265.184,-32.4763,4.10851,3.95187,-0.116045,-1,0.961874,-81.1038,0.000338122
0,0.0255963,0.019427,2897.54,2678.15,265.407,-32.4845,7.23736,4.34296,-0.114376,-1,0.600076,-50.5926,0.00100667
0,0.0258503,0.0277378,3639.09,1672.9,264.799,-31.9664,4.03674,3.84327,-0.114188,-1,0.952073,-75.5438,0.00155715
0,0.0256787,0.0285936,2757.72,1754.92,264.761,-32.4838,3.8631,3.86296,-0.112798,-1,0.999963,-22.4779,0.000606724
0,0.0256661,0.0265309,3220.95,1946.93,264.941,-32.2334,4.12177,3.87612,-0.112239,-1,0.940402,-89.9375,0.000376357
0,0.0258186,0.0265489,3282.24,1996.67,264.982,-32.2023,4.14389,3.84569,-0.111916,-1,0.928039,71.7756,0.000606739
0,0.0255252,0.0150121,3676.4,2554.19,265.403,-32.0227,6.0523,5.16754,-0.104963,-1,0.853815,-81.9752,0.000616008
0,0.0255929,0.0255412,3267.85,1731.8,264.8,-32.1869,4.06531,3.77376,-0.104027,-1,0.928284,76.4037,0.000341566
0,0.0256218,0.0237768,2874.18,2358.96,265.186,-32.4703,4.21419,3.84434,-0.10296,-1,0.912235,-74.574,0.000355704
0,0.0256022,0.0231807,3195.86,1887.54,264.898,-32.2426,4.19177,3.88678,-0.100854,-1,0.92724,-83.2634,0.000331116
0,0.025514,0.00815812,3477.19,1729.15,264.82,-32.0654,7.86968,7.25132,-0.0994388,-1,0.921424,-75.6937,0.000973077
0,0.02561,0.0211037,3047.63,2639.8,265.397,-32.3945,4.36157,4.01446,-0.0986364,-1,0.920415,-77.6345,0.000346398
0,0.02553,0.0132042,2667.63,2006.74,264.924,-32.5584,7.50306,7.24678,-0.0986095,-1,0.965843,-6.92207,0.00115312
0,0.0256157,0.022595,2803.16,2540.82,265.304,-32.5272,4.19765,3.87997,-0.0985094,-1,0.924318,81.7043,0.000361858
0,0.0255174,0.021287,2677.52,1774.56,264.766,-32.5319,5.69867,5.12207,-0.0976491,-1,0.898819,-52.2037,0.000821247
0,0.0256508,0.0188124,3171.69,2504.58,265.317,-32.311,4.93264,4.38876,-0.0970771,-1,0.889739,-67.5039,0.000448465
0,0.0256111,0.0216228,3160.78,1951.81,264.938,-32.2686,4.33742,3.87421,-0.0968096,-1,0.893206,75.0391,0.000351447
0,0.025661,0.0195294,3180.74,2442.95,265.276,-32.3004,4.5978,4.00437,-0.0966856,-1,0.870932,-69.8607,0.000388889
0,0.0256589,0.0106041,3370.51,2044.54,265.024,-32.1554,7.87359,7.49912,-0.0960658,-1,0.952439,-11.2169,0.000967829
0,0.0255994,0.0141599,3092.27,1980.25,264.951,-32.3108,6.58175,5.18561,-0.0945989,-1,0.787877,-81.6272,0.000692594
0,0.0254866,0.0102298,2815.95,2373.26,265.19,-32.5052,7.70228,5.48976,-0.093928,-1,0.712744,83.7893,0.000694037
0,0.0257558,0.0220111,3498.88,2646.79,265.448,-32.1337,4.14114,3.7778,-0.0919651,-1,0.912261,87.5691,0.000571736
0,0.0255933,0.0206233,2940.54,2307.92,265.159,-32.4275,4.16285,3.94887,-0.0908811,-1,0.948598,-86.706,0.000366205
0,0.0256397,0.0200659,3071.01,2507.9,265.309,-32.3695,4.24493,3.93626,-0.0905132,-1,0.927283,-87.7102,0.000318689
0,0.0257544,0.00886597,3485.15,2590.3,265.408,-32.1368,3.73041,3.7089,-0.0901878,-1,0.994233,-69.3799,0.00124139
0,0.0256104,0.0184439,2951.79,2223.84,265.102,-32.4136,4.50477,4.00493,-0.0889916,-1,0.889042,-85.4754,0.00032488
0,0.0256561,0.0163718,3210.95,2350.51,265.216,-32.2748,5.67845,5.65653,-0.0872572,-1,0.996139,-33.1929,0.000898299
0,0.0257407,0.0151859,2976.98,2089.6,265.013,-32.3872,5.47489,4.83663,-0.0846337,-1,0.883421,-5.59566,0.00130717
0,0.0256548,0.0216516,2668.72,2148.99,265.021,-32.5705,3.81203,3.81203,-0.0842714,-1,0.999998,5.42248,0.000346376
0,0.0255868,0.0128574,3661.49,2369.25,265.276,-32.0153,3.73621,3.15393,-0.0820474,-1,0.844154,-71.9411,0.000749337
0,0.0257203,0.0182565,2973.57,2099.63,265.02,-32.39,4.24842,3.8481,-0.0809321,-1,0.905771,-82.6719,0.00121933
0,0.0258301,0.0188728,3264.43,1846.91,264.878,-32.1992,4.11606,3.86551,-0.0805677,-1,0.939128,80.3662,0.000572173
0,0.0255841,0.0175974,3318.32,2626.81,265.416,-32.2366,4.23189,3.91608,-0.0782802,-1,0.925373,-84.4356,0.000336564
0,0.0255789,0.0106608,3575.6,2434,265.311,-32.0708,6.48898,4.2061,-0.0781006,-1,0.648191,26.2927,0.000345988
0,0.0255563,0.0176735,3645.22,1712.74,264.827,-31.9664,4.15434,3.91093,-0.0780943,-1,0.941407,-88.2928,0.000335465
0,0.0258209,0.0183795,3401.88,2244.5,265.163,-32.1549,4.02801,3.90319,-0.077942,-1,0.969014,-71.1067,0.000362827
0,0.0255768,0.0173383,2817.11,2220.05,265.085,-32.4911,4.06723,4.05314,-0.0775053,-1,0.996536,-0.496308,0.000316354
0,0.0256738,0.0174051,3136.37,2601.76,265.38,-32.3398,4.26915,3.82838,-0.0770178,-1,0.896755,-84.5954,0.000494362
0,0.0255495,0.016065,3625.28,2705.79,265.501,-32.0654,4.44998,3.97537,-0.076518,-1,0.893345,-84.1588,0.000333951
0,0.0255718,0.0168641,2859.61,2025.53,264.957,-32.4493,5.54953,4.8695,-0.0748014,-1,0.877463,-55.0925,0.00060691
0,0.0256269,0.009558,2926.25,2201.95,265.085,-32.4265,5.80383,5.72043,-0.07444,-1,0.98563,-16.4773,0.000560264
0,0.0255415,0.0169201,2902.14,2741.88,265.451,-32.4874,4.15606,3.84051,-0.0735284,-1,0.924074,88.0039,0.000345711
0,0.0255913,0.0101112,3082.61,2625.65,265.391,-32.373,7.80418,7.55347,-0.0731061,-1,0.967875,-7.18688,0.000996393
0,0.0256276,0.0169426,3382.96,1925.44,264.944,-32.1376,3.9723,3.97013,-0.0722205,-1,0.999453,-20.5383,0.00031755
0,0.0255691,0.015505,3452.59,2113.05,265.079,-32.114,4.12725,4.12725,-0.0713167,-1,0.999999,-30.1844,0.000342077
0,0.0256076,0.0162549,3035.77,1834.54,264.845,-32.3304,4.11273,3.9144,-0.0709181,-1,0.951777,-67.4465,0.000334712
0,0.0257369,0.0114615,3096.28,2241.23,265.129,-32.3316,6.29809,4.74229,-0.0679296,-1,0.752973,-77.8785,0.000815979
0,0.0256026,0.0151004,3024.69,2050.02,264.991,-32.3561,4.27989,3.78778,-0.0665397,-1,0.885017,87.7913,0.000335958
